{
    "dnerf": {
        "bouncingballs": 5157.848195681499,
        "hellwarrior": 1472.6545936189482,
        "hook": 3830.763667582292,
        "jumpingjacks": 3279.1495468043236,
        "lego": 5302.5296227187555,
        "mutant": 3487.458442412696,
        "standup": 2604.390060708129,
        "trex": 4908.76401951543
    },
    "nerfds": {
        "as": 2305.968741394761,
        "basin": 3137.23620744821,
        "bell": 2732.670316481915,
        "cup": 2371.38745093008,
        "plate": 3195.7307181755086,
        "press": 2272.828164000012,
        "sieve": 2551.176723240253
    },
    "nerfies": {
        "broom": 5204.073311662487,
        "curls": 3734.007460474264,
        "tail": 4019.7844519787236,
        "toby-sit": 5363.88157431278
    },
    "hypernerf": {
        "aleks-teapot": 5395.594370057136,
        "americano": 5593.771128548736,
        "broom2": 5204.073311662487,
        "chickchicken": 3635.5861985758884,
        "cross-hands1": 5315.346923775561,
        "cut-lemon1": 3556.3346353159545,
        "espresso": 4825.505626676936,
        "hand1-dense-v2": 3186.859311584653,
        "keyboard": 4912.313143558583,
        "oven-mitts": 2680.333723061742,
        "slice-banana": 3539.165732456112,
        "split-cookie": 4581.315545082978,
        "tamping": 5653.4410052714875,
        "torchocolate": 4934.999299121162,
        "vrig-3dprinter": 4990.877542544905,
        "vrig-chicken": 3896.3395160990494,
        "vrig-peel-banana": 5688.018831564543
    },
    "iphone": {
        "apple": 5846.023598312764,
        "backpack": 8795.086085081128,
        "block": 6107.6001047919335,
        "creeper": 9129.162887853112,
        "handwavy": 5004.73929207014,
        "haru-sit": 4707.88868198297,
        "mochi-high-five": 3440.261290530373,
        "paper-windmill": 7126.261769399396,
        "pillow": 8016.296997477814,
        "space-out": 5200.480119426848,
        "spin": 6132.576646604754,
        "sriracha-tree": 4097.796568729859,
        "teddy": 8925.151434551848,
        "wheel": 7821.448236993006
    }
}